usernames,category
enCoreEnergy_EU,industry
BrunoVuan,experts
boell_eu,eu departments
AskDrBurt,investors
IYNC,ngos
TerrestrialMSR,industry
nuclearny,ngos
M_Claessens,news media
sightlineu3o8,investors
IlvesOtto,industry
KiraTaylor15,news media
StandUp4Nuclear,industry
BeyondNuclear,ngos
mboudry,experts
MayaPosch,other
KateAbnett,news media
john_abg,industry
PPchef,activists
ECOS_Standard,ngos
reinharduhrig,ngos
CarlBerglof,industry
BloombergNRG,news media
clairecorkhill,experts
dr_morrissey,activists
SedimentIV,other
POLITICOEurope,news media
simonwakter,experts
Leigh_Phillips,news media
ForumNucleaire,news media
AnnaHbrt,news media
DeanxRiley,other
aee_auraenergy,industry
Pieter_de_Pous,experts
radiationreason,experts
EuroPhysSoc,experts
martinfrogers,investors
NuclearQuaffle,experts
DaveKeating,news media
GeorgiGotev,news media
ramez,investors
UKNNL,governmental institutions
EWGnetwork,ngos
SIPRIorg,ngos
JennyNielsenNPT,other
VladimirSlivyak,ngos
anunezjimenez,ngos
Greenpeace_Lux,ngos
AgencEurope,news media
VCDNP,ngos
Green_Europe,ngos
gzeromedia,news media
BenRoss_AKL,other
ArturKacprzyk,experts
AukeHoekstra,experts
HelenCRobertson,news media
gehnuclear,industry
DecoupleMedia,news media
gonufrio,ngos
heatherwilly,experts
FrusRealist,investors
gordonrlove,news media
EcoSenseNow,ngos
KelseyDav,other
carnegienpp,experts
EURACTIV,news media
jlfuenteoc1,other
USAmbEU,politicians
GreenEUJournal,news media
ceebankwatch,ngos
rolflindahl,ngos
Cecalli_Helper,other
KarlAlexPauls,other
isiscarol14,other
MathisWilliam,news media
bedini_giulia,news media
JanCornillie,industry
FRS_org,ngos
InnoEnergyEU,industry
New_Europe,news media
nathanafabian,investors
IuliiaMendel,other
EBRD,investors
LenkaKollar,other
patrickadownes,investors
JenniferMerode,news media
energy_blogger,news media
alemannoEU,activists
EuroSandor,news media
dominickd,other
RichardMeyerDC,industry
E_Krukowska,news media
CruxInvestor,investors
cat240359,other
peppuigiboix,other
FJShirazi,other
MegaWattXinfo,investors
EuroBriefing,news media
laszloan,politicians
enappsys,industry
CIWF_EU,ngos
uminopoli,other
OstapYarysh,news media
SilverCrisis405,other
LeChouNews,news media
NEI,industry
DanielTMurray,news media
childp_child,politicians
marcorubio,politicians
BirdLifeEurope,ngos
DaltonNuclear,experts
RogerPielkeJr,other
P_Graichen,politicians
ThirdWayEnergy,ngos
DWBlack14,investors
uniper_energy,industry
WillHares,industry
Bellona_EU,ngos
foeeurope,ngos
CSIS,ngos
Hertie_Security,ngos
azakre,other
TiemannAmelia,other
D_Schwarzer,other
voixdunucleaire,ngos
ZelenskyyUa,politicians
NuclearAMRC,industry
EU_Eurostat,eu departments
EU_ScienceHub,eu departments
ThomasNowakEU,ngos
carole_nakhle,industry
WojciechKosc,news media
contrarian8888,investors
OlekKorn,politicians
_richardblack,ngos
BloombergNEF,industry
scarceassets,investors
fractalharry,other
SFPA_SK,ngos
valeriestern_,politicians
justinbyrne42,ngos
HannaLiubakova,news media
ecfr,ngos
ArthurNeslen,news media
workersparty,politicians
AmyAHarder,news media
tickerNEWSco,news media
moniquegoyens,experts
vlobo35,other
FaceTheNation,news media
BrunoTertrais,ngos
NorthstarCharts,investors
janrosenow,ngos
alexstubb,politicians
Geoff4273,other
ausgestrahlt,ngos
RainerReelfs,experts
GrayConnolly,other
Eric_Keller28,investors
CorentinBr,experts
robinenergy,industry
grist,news media
TyttiErasto,other
oiltraderlondon,investors
ALanoszka,other
European_Sec,experts
LionelRALaurent,news media
JohnRDeni,experts
YahooPH,news media
OskaArcher,other
Westervangaal,news media
DamienERNST1,experts
Reuters,news media
NuclearTitans,news media
moms4nuclear,ngos
forfinancewatch,ngos
Piotr_Stepinski,other
audreyjcarleton,news media
niklashoehne,ngos
Ulkoministerio,politicians
FYEG,ngos
RitaB66,industry
JRPelchat,industry
ManuelSintubin,other
DrChrisClack,industry
EP_ThinkTank,eu departments
Craig_Hotrum,experts
annaylis,other
SCKCEN,experts
ispionline,ngos
MvLiechtenstein,industry
eszterz,news media
StandardUranium,industry
MeredithAngwin,experts
BirdLife_News,ngos
bijans,other
lykkefriis,ngos
mpradoexpresso,news media
RupertDarwall,experts
buchebuche561,industry
CH_Events,ngos
fw_recherche,news media
HannahEDaly,experts
PatKennyNT,news media
homemdasteclas,other
WajSKhan,news media
fhenriques,news media
antoin,other
zackkanter,other
NewstalkFM,news media
amedsker,other
IsraelMFA,governmental institutions
gbrumfiel,news media
greg_ritchie,news media
marceldirsus,news media
Padsky,other
MatthewOToole2,politicians
terischultz,news media
disclosetv,news media
DavidOsmond8,experts
ECampbell360,news media
HaufeStephan,governmental institutions
tylerhnorris,industry
HelenHet20,other
ClaireBerlinski,news media
offripper,ngos
energyathaas,industry
edgarsrinkevics,politicians
FedeDallArche,experts
mfariacastro,other
KatrinaManson,news media
CampbellNewman,politicians
Amb_Ulyanov,politicians
KCL_CSSS,experts
NJ_Timothy,news media
dbirch214,experts
SpeakingBee,other
PeterFaberSP,other
RikeFranke,ngos
JonasOlsson_,news media
Never_Sur_ender,other
Didymus_T,other
Joyce_Karam,news media
BanMonitor,other
Ce_Moll,experts
MIT_CIS,other
NvOndarza,ngos
kennaninstitute,ngos
HelgaSchmid_SG,other
corneil,other
EINNuclearPower,news media
WECNuclear,industry
moneyforchange_,activists
BASIC_int,ngos
montelnews,news media
BjrnPeters3,experts
NIAUK,industry
CanadaNuclear,industry
totterdell91,investors
DiaNuke_org,activists
brussels_report,news media
AvvocatoAtomico,activists
NI_YGN,ngos
khoonseok,other
NukeForClimate,industry
MarkHibbsCEIP,ngos
SinhaAshank,other
andytuit,activists
JavierBlas,news media
Tecnatom,industry
ecrgroup,europarties
markcojuangco,politicians
wang_seaver,experts
StefWenzel,other
IntlPeaceBureau,ngos
4thGenBlog,news media
gordonmcdowell,activists
MommeJesper,investors
dw_environment,news media
MehreenKhn,news media
BrianGitt,investors
UrTokenCorgi,investors
BrianVad,experts
OECD_NEA,ngos
johnainger,news media
fairewinds,ngos
NatGasWorld,news media
fbeirao,industry
joostmulder,other
SriEvent,news media
DamienHamilto17,other
JunkScience,other
ArmsControlNow,ngos
J_B_Levy,industry
ST_Sustainable,news media
TeaTrmn,ngos
BenPHeard,activists
ira_joseph,investors
AlexEpstein,activists
EdPheil,industry
HenryK_B_,other
TGosCEE,news media
globalzero,ngos
EnergyCollectiv,industry
ENDSEurope,news media
duediligenceguy,investors
Heather_mom4nuk,activists
robert_zubrin,other
POWERmagazine,industry
808sandU3O8,investors
PurepointU3O8,industry
Dimi,news media
mlafontrapnouil,governmental institutions
DarylGKimball,ngos
NonInscrits,europarties
IEA,ngos
NNSANews,governmental institutions
EP_Defence,eu departments
kelvinross68,news media
gnievchenko,investors
GrantChalmers,investors
WebDaniele,news media
DanielKral1,other
DaveToke,ngos
ParisOrtizWines,activists
rix_trevor,other
thorstenbenner,ngos
EnergyMonitorAI,news media
Kevin_ODonovan,experts
Energy4Europe,eu departments
ftworldnews,news media
AndreasHoepner,experts
YEEnetwork,ngos
TriodosIM,investors
Grepsul,news media
SDDecleve,ngos
CNSC_CCSN,governmental institutions
Sustainable2050,other
geirrchris,other
anders_aslund,other
NaomiOhReally,news media
ezPappi,investors
Annie_Bex,investors
CapcentResearch,investors
RugeBoris,ngos
CameronJJJ,experts
jduch,eu departments
GIS_Reports,other
EUauditors,eu departments
SamaBilbao,industry
YouGov,other
STUK_FI,governmental institutions
KOSullivanIT,news media
QvistStaffan,other
brandon_munro,industry
FAIRRInitiative,investors
ErikLindy,other
AlainMatton,eu departments
dpcarrington,news media
TaeSavesLives,ngos
SinaZerbo,experts
noturbine,activists
lbadam,other
voupensarnisso,other
PriapusIQ,news media
AtomicAnalyst,news media
AmirAdnani,industry
AlecStapp,ngos
bbcworldservice,news media
W_Lucht,experts
MattEichenlaub,other
Pabriks,politicians
KissingerCenter,experts
Europarl_EN,eu departments
RebHarms,ngos
AgnesRunacher,politicians
sauvonsleclimat,ngos
Eurelectric,industry
Mirova_RI,investors
pmarca,other
IAEANA,industry
democracynow,news media
GovNuclear,governmental institutions
WorldNuclearUni,ngos
GoncaloAguiar,other
SCClemons,news media
CarnegieEndow,ngos
sabellosi,news media
VoteWatchEurope,ngos
chrishelman,news media
jm493_au,other
MeilunasE,politicians
alex_owski,news media
OisinDubai,other
airlivenet,news media
jgotkowska,ngos
IrishEnergyGuy,experts
KwasiKwarteng,politicians
laurnorman,news media
UraniumCharts,investors
Cirincione,experts
EuromaidanPress,news media
ECIU_UK,ngos
jmcurtin,ngos
policytensor,other
IPPNW,ngos
DwellCapital,investors
BeaFihn,activists
mephenke,experts
MilesPomper,other
radioprotection,governmental institutions
dgapev,ngos
Doranimated,experts
NPR,news media
KienzleCSSS,experts
HerzogSM,experts
douglasritz,other
brockm,investors
eucopresident,eu departments
FideszEP,politicians
morningireland,news media
elidourado,experts
fbirol,other
EUCourtPress,eu departments
Moedas,politicians
FactFisching,experts
sapinker,experts
foeireland,ngos
whittso,experts
RPUE_LU,politicians
gmbutts,ngos
Dr_A_Stein,experts
boell_secpol,ngos
CERN,other
WIONews,news media
MoltexEnergy,industry
NetNezva,other
IntEngineering,news media
ClimatAlix,ngos
martinjhurt,experts
lscheele,industry
TheresaTINI,activists
VeroWendland,activists
sven_giegold,governmental institutions
EuropeScientist,experts
markomihkelson,politicians
MarcGunther,news media
Alex_da_Cunha,other
MurphyPeterN,news media
hanswstegeman,investors
Kimberlydmullen,experts
jackschickler,news media
ScienceSpinning,news media
StefanAykut,experts
SheffUniEng,experts
moniology,investors
sheffielduni,experts
commondreams,news media
DelorsBerlin,ngos
danobrien20,experts
muotioj,other
malloch_brown,ngos
vallejolola,ngos
hausfath,experts
CarbonPulse,news media
MadiHilly,ngos
cleantechnica,news media
DrPippaM,experts
sendboyle,politicians
gastivists,activists
ETSEIB_UPC,experts
simoncoveney,politicians
luisbaram,activists
SPGMarketIntel,investors
SPGlobalRatings,investors
UraniumIronman,investors
simonrperks,other
AndersFoghR,experts
patricia_millin,other
ccarella,other
visegrad24,news media
riktheozfrog,other
HallgrenJakob,ngos
STWuk,activists
JohnKerry,politicians
johnredwood,experts
gurgavin,investors
LRSeimas,governmental institutions
SPAISBristol,experts
Mauro_Gilli,experts
OKhromeychuk,experts
ACScowcroft,ngos
parents4future,activists
KyivIndependent,news media
CORDIS_EU,eu departments
StanfordCISAC,experts
barobertson111,experts
ralphbalexander,experts
Missile_Defense,ngos
thjr19,other
nukes_of_hazard,ngos
dubortoli,investors
thiesbeckers,activists
VTulkki,politicians
ClaudeTurmes,politicians
ziontree,activists
AustNuclear,industry
jessedaykin,investors
Thoughtscapism,activists
MycleSchneider,experts
Yellowbull11,investors
AdamBlazowski,activists
esg_investor,investors
meier_oliver,experts
jeffcomeau,investors
N_Schmid,other
Greens4Nuclear,politicians
TomWlost,politicians
johnrhanger,experts
J_Lovering,experts
CANEurope,ngos
CharlesEllinas,industry
RobVerdonck,news media
CEEP_energy,industry
capnek123,investors
SNEu235,industry
orsoraggiante,experts
ShovelStocks,investors
LinkeviciusL,politicians
NKnowledges,experts
ftenergy,news media
EUEnergyNews,news media
EnergiewendeGER,experts
Philip_D_Ord,activists
EPPGroup,europarties
ErrorFourOThree,politicians
CH_Environment,ngos
IrishinEurVoice,other
ReutersScience,news media
rachelmorison,news media
CarbonBubble,experts
Cox_NukePol,experts
tractebel,industry
JesseJenkins,experts
AngelicaOung,other
ntsafos,politicians
joaompfp,other
Dystopia2100,investors
DanielKorski,other
MaxFichtner,experts
tarjacronberg,experts
JekyllCapital,investors
EUTenders,eu departments
Marcusdstewart,other
peerderijk,activists
laurimyllyvirta,experts
DelanoMagazine,news media
giginator_,investors
EU_NonProlif,eu departments
lukasz_kulesa,experts
TobiasBunde,experts
staunovo,investors
MarcoSiddi,experts
lucaberga,experts
ValedeAlmeidaEU,eu departments
EURACTIV,news media
Bruegel_org,experts
sizewellc,industry
gilbeaq,experts
taraconnollyGW,activists
corporateeurope,ngos
nuclearkenya,governmental institutions
nworbmot,experts
PeterDClack,news media
MIT_SSP,experts
DaniloOnorino,investors
ClubOfRome,experts
iaeaorg,ngos
TheProgressives,europarties
GeorgZachmann,experts
chrispydog,other
SFENjg,ngos
johnAgorman,industry
Arne_JJ,experts
nuclearreport,experts
EESC_TEN,eu departments
hajduspox,eu departments
Mauerback,investors
curates_egg,other
TerryDaynard,other
IranIntl_En,news media
AlexMiningGuy,investors
montaguethecat,other
pierrebouzin,other
deepcutsproject,experts
EP_Industry,eu departments
sdauby,industry
grunblatt,other
MLiebreich,news media
stokdog,investors
whatisnuclear,experts
DominikaLasota1,activists
danielmittler,ngos
nirsnet,ngos
rana1965,investors
StellaLevantesi,news media
GunnarLuderer,experts
ChristianOnRE,experts
CharlesTannock,politicians
SargeantMadison,other
general_ben,experts
brunolanevik,other
SokovNikolai,experts
C_Barraud,news media
DebateEnergy,news media
Bentonra,experts
BorisTouc,other
SlagOffTwits,other
MunSecConf,ngos
Unionbuster,other
grant_farquhar,other
BulletinAtomic,news media
isabelleboemeke,activists
DainiusKreivys,climate_ministers
Mylovanov,experts
nuclearban,ngos
Counter_Balance,ngos
FabianZuleeg,experts
MeetThePress,news media
JMGlachant,experts
nickb2211,experts
Eurosif,investors
transenv,ngos
mlexclusive,news media
krichterCPH,politicians
ArielBrunner,ngos
mlexclusive,news media
ASGsconductors,industry
FranceONUVienne,governmental institutions
TofMcGlade,experts
UKRintheUSA,governmental institutions
StaffanReveman,other
StollmeyerEU,ngos
DeSmog,news media
howarth_cornell,experts
adamlmorton,news media
vtchakarova,experts
maxcordiez,activists
uni_eropa,eu departments
mattasheridan,other
JuPe_EU,other
DavQuinn,news media
HenryJFoy,news media
joxventura,other
TheWilsonCenter,ngos
noahbarkin,experts
TheEnergyMix,news media
russianforces,experts
Ldogls,other
rmattila74,other
TeeAndersVolpe,experts
simongerman600,experts
DrHCaldicott,activists
Judy_Dempsey,experts
Elevateuranium,investors
euronewsgreen,news media
MEMRIReports,news media
hinkleypointc,industry
XJMejid,investors
PISM_Poland,experts
pnc_france,industry
EP_ForeignAff,eu departments
simonblackley,other
gbponz,other
tilt_green,ngos
IPPNWgermany,ngos
nukebarbarian,news media
FusionInCloseUp,ngos
JosepRey_,activists
JamesGRickards,experts
greenpeace_de,ngos
wganapini,experts
Earthlife_JHB,ngos
larsroobol,activists
GeorgeMonbiot,activists
BartSaw,news media
CER_Grant,experts
UniperSweden,industry
PamelaFalk,news media
SFENorg,ngos
WiNglobal,ngos
jjnucleares,ngos
WECouncil,ngos
MajaEUspox,eu departments
KreabEU,industry
bataille_chris,activists
jr_zet,news media
csiroperfidy,activists
colombanibxl,eu departments
toddjmoss,ngos
LizAldermanNYT,news media
FrancesDiBi,news media
storklompen,activists
DrTongia,experts
maxfawcett,news media
climate,news media
Jackthelad1947,activists
goldthau,experts
XRebellionAus,activists
uniqagroup,other
AndreasShrugged,experts
FinEmbVienna,governmental institutions
jasonomahony,news media
ExaminerBiz,news media
griptmedia,news media
ArjunNMurti,investors
atrembath,experts
ZerlinaShow,news media
FRCorp,investors
Life_Powered_,industry
anasalhajji,investors
SRSroccoReport,investors
CoalFreeDave,experts
CANIntl,ngos
JDVance1,politicians
Andy_Scollick,experts
francoisfleuret,experts
suretenucleaire,governmental institutions
WindEuropeEvent,news media
VandanaHari_SG,investors
cheryl1492,other
Jason,investors
enriquemora_,eu departments
ukraine_world,news media
e2dot7182818284,other
StopTheseThings,activists
ulrichspeck,experts
DrCEriksen,experts
salihenergy,investors
noclador,other
elisabethbraw,experts
IFSHHamburg,experts
thehertieschool,other
EricLebedel,governmental institutions
chimera414,other
TheRealRolfster,other
guardianeco,news media
intl_spectator,news media
casperj33081634,investors
EllieGeranmayeh,experts
e3g,ngos
jrmygrdn,industry
LT_MFA_Stratcom,governmental institutions
SayNo2SizewellC,ngos
U308Andy,investors
theELN,experts
CanAlaska,industry
SloCan68,investors
Dr_Keefer,ngos
jsfreed,ngos
UraniumEquities,investors
hervecourtois1,other
SStapczynski,news media
StopSizewellC,ngos
NSVann,ngos
rafaelmgrossi,other
Kaikenhuippu,ngos
GoviExUranium,industry
FortumNuclear,industry
NetZeroWatch,news media
diarmuidfoley1,other
DrUlrichKuehn,experts
nucleareragione,ngos
SonjavanRenssen,news media
BambroughKevin,investors
Sprott,investors
nuclearenergy1,industry
John2017abc,experts
nukestrat,experts
getintonuclear,industry
ForoNuclear,industry
RePlanetNL,ngos
Pascale_Palmer,experts
ValerieFaudon,industry
MJvanDeelenEU,politicians
mark_lynas,news media
TheNatlInterest,news media
IAEATC,other
BeyondNukesInt,ngos
KevinWhitelaw1,news media
alxgraef,experts
energi_adam,other
AlexandreMuller,other
doug_parr,ngos
beuc,ngos
Enviro_Finance,investors
IRSNFrance,experts
GernotWagner,experts
csisponi,experts
DavidLarter,other
TedNordhaus,experts
ecodiya,ngos
Elstatistik,experts
ThPellerin,experts
valentinapop,news media
bopanc,news media
BurggrabenH,investors
AchalHP,other
SamRamani2,experts
Carnegie_Europe,experts
ATJMattelaer,experts
EDF_EUAffairs,industry
EnergyInReview,news media
dw_europe,news media
NucleairForum,industry
KCel65,industry
alex_avoigt,other
Power_OnlineMag,news media
Nickolas_Roth,experts
marksugruek,other
ZSchneeweiss,news media
karnfull,industry
ackerm_ann,ngos
parents4futureG,ngos
RosalindeEU,eu departments
GreenpeaceAT,ngos
elnetwork_eu,ngos
DmytroKuleba,politicians
xursat,industry
Grainjones,investors
ECFRPower,ngos
pwrhungry,news media
DWestlen,experts
IIGCCnews,investors
SPGlobal,investors
mtaylor_nz,other
DerClue,governmental institutions
nbalajiv,news media
tom_burke_47,ngos
golnarM,news media
SPGCIPower,investors
kjolvegeland,experts
ReutersIran,other
ischinger,experts
europeangreens,europarties
theNIAorg,ngos
Nuclear_Valley,industry
mzjacobson,industry
InnoEnergyFR,industry
KateLLevick,ngos
__ACRO__,ngos
fota4climate,ngos
enusa_sa,industry
MBaumgarts,experts
NucSafetyUCS,ngos
URANIUMFESTIVAL,other
NewVoiceUkraine,news media
SasjaBeslik,ngos
CcilMaisonneuve,ngos
EvaStegen,industry
NukeDaveSweeney,ngos
OlenaHalushka,ngos
jarnomn,other
Ric_Alcaro,experts
mxschumacher,other
FernandoLeanme,other
Schuldensuehner,investors
ianb,other
WilsonCenterGEP,ngos
steven_pifer,experts
hrome2,experts
PRI_News,investors
McGuinnessEU,eu_commissioners
iterorg,other
DanaSpinant,eu departments
JohnStossel,news media
UKAEAofficial,industry
Tagliapietra_S,experts
V4_PRES,other
Sanchelen,news media
MalcolmGrimston,investors
EUatUN,eu departments
wolfejosh,investors
Kasparov63,other
stepien_przemek,other
JMichaelWaller,experts
SarantisMich,news media
ChassNews,news media
attractaub,other
GweebarraG,ngos
SeppalaVilleEN,politicians
pretentiouswhat,experts
SuzlCarp,experts
UraniumMuril,investors
ianbremmer,experts
parrmenidies,other
annmarie,news media
Sam1Fleming,news media
FareedZakaria,news media
burnsurvior,other
ProfPCDoherty,other
_RafaelLoss,experts
CNDuk,ngos
TwainsMustache,other
Skyharbour_SYH,industry
IAIonline,ngos
chrisnelder,investors
TilghmanChris,other
thomas_m_wilson,news media
Andreas_Persbo,ngos
RubenBaetens,experts
StephanParlow,other
EUAmbUS,eu departments
MaxineDavid,experts
the_solartube,experts
darrengrimes_,activists
tomjgreatrex,politicians
valstsgriba,politicians
ForeignPolicy,news media
FT,news media
GEWcom,news media
abouthungary,governmental institutions
DaBeardedTrader,investors
EUScienceInnov,eu departments
VoicesBelarus,news media
MineralsCouncil,industry
edfenergy,industry
EmberClimate,ngos
egis,industry
ANS_org,industry
JDSchoolmeester,ngos
PhysWiz,experts
Denys_Shmyhal,prime_ministers
Nuclear_Matters,ngos
MaciejZaniewicz,experts
paulinegalway,politicians
jagraag,ngos
KingKong9888,other
WattisDuurzaam,other
katyhuff,experts
CKemfert,experts
NuScale_Power,industry
EnergyInstitute,industry
delbeke_jos,experts
ForumEnergii,ngos
MarketRebels,investors
ConStelz,experts
VoltPortugal,politicians
johnauthers,news media
colmsmyth,other
Peters_Glen,experts
ANS_org,industry
pb4p,politicians
gavinjdaly,other
EU_UNGeneva,eu departments
margbrennan,news media
NormEisen,other
marcfriedrich7,investors
HJFell,politicians
mcannonbrookes,other
KarolinaLisslo,ngos
NTenzer,governmental institutions
80z_born,investors
lesiavasylenko,politicians
mrsorokaa,news media
EU_Careers,other
adoolan34,other
nchrysoloras,news media
LConraria,other
michaelbirnbaum,news media
Brussels_PJ,news media
diploweb,news media
k_bolesta,experts
EnerBrain,experts
RUSI_org,ngos
ellymelly,other
PedroFresco,politicians
HorbachBonnie,governmental institutions
jaganmsna,investors
TheTerminal,news media
BorensteinS,experts
submergingmkt,news media
MatthewKroenig,experts
ClintEhrlich,other
MhehedZherting,other
clairlemon,news media
Eurosolar_ES,ngos
FrankSlijper,other
kolachkes,other
susan_dagostino,news media
Royalacresrod,other
dhuber81,news media
CrisisGroup,ngos
NewSecurityBeat,ngos
rebeccahersman,experts
NathalieTocci,experts
panyiszabolcs,news media
Greenpeace,ngos
WWFEU,ngos
voicesofnuclear,ngos
ouinuc,ngos
Nuklearia,ngos
SavOurPla,ngos
WorldNuclear,ngos
Fridays4future,ngos
WindEurope,ngos
SolarPowerEU,ngos
DiEM_25,ngos
WorldNuclear,ngos
JarubasAdam,meps
adrianvl1982,meps
adamkosamep,meps
AdamBielan,meps
AbirAlsahlani,meps
_AMaldonado_,meps
AgnesEvren,meps
a_jongerius,meps
PatricielloAldo,meps
alebassoMEP,meps
ale_moretti,meps
alepanzaoff,meps
alexagiussaliba,meps
AlexandrVondra,meps
AlexandraGeese,meps
AlexisMep,meps
SantAlfred,meps
aliciahoms,meps
AlinMituta,meps
alvaroamaroEU,meps
alviinaalametsa,meps
AndorDeli,meps
AndreRougeOff,meps
AndreaBocskor,meps
caroppo_andrea,meps
cozzolino62,meps
Andi_Glueck,meps
SCHIEDER,meps
Andreas_Schwab,meps
andreykovatchev,meps
AndreyNovakov,meps
AndreySlabakov,meps
AndrisAmeriks,meps
AndriusKubilius,meps
Ansip_EU,meps
AndrzejHalicki,meps
djambazki,meps
ANiebler,meps
AngelikaWinzig,meps
AngeloCiocca,meps
anjahazekamp,meps
bonfriscoanna,meps
anna_cavazzini,meps
AnnaDeparnay,meps
AnnaFotyga_PE,meps
donath_anna,meps
AnnaZalewskaMEP,meps
AnnaAsimakopoul,meps
TardinoAnnalisa,meps
ASanderMEP,meps
ASPelletier,meps
AnnieSchreijer,meps
Bruna_Annika,meps
toni_comin,meps
TonoEPP,meps
Rinaldi_euro,meps
Antonio_Tajani,meps
ToineMandersEP,meps
ArbaKokalari,meps
ArnaudDanjean,meps
AsgerChristens2,meps
AdemovAsim,meps
Assita_Kanko,meps
AtidzheV,meps
AraKovacs,meps
AureliaBeigneux,meps
AuroreLalucq,meps
maldeikiene,meps
AxelVossMdEP,meps
BalazsHidveghi,meps
thalerbarbara,meps
BarryAndrewsMEP,meps
bgroothuis,meps
Arlukowicz,meps
BasEickhout,meps
BeataKempa_MEP,meps
beatamk,meps
BeataSzydlo,meps
BenoitBiteau,meps
BenoitLutgen,meps
guetta_en,meps
berndlange,meps
BernhardZimniok,meps
hjaruissen,meps
VollathBettina,meps
BiljanaBorzan,meps
BillyKelleherEU,meps
BirgitSippelMEP,meps
Bogdan_Rzonca,meps
BLiberadzki,meps
brandobenifei,meps
BriceHortefeux,meps
BronisRopeLT,meps
KRLS,meps
CarloCalenda,meps
FidanzaCarlo,meps
czorrinho,meps
carmenavram,meps
C_Nagtegaal,meps
CarolineRooseEU,meps
CaterinaChinnic,meps
CathChabaud,meps
GrisetCatherine,meps
cesarluena,meps
CharlesGoerens,meps
weimers,meps
chgemma68,meps
macmanuschris,meps
SchaldemoseMEP,meps
Doleschal,meps
AndersonAfDMdEP,meps
ChSchneider,meps
GrudlerCh,meps
CHansenEU,meps
CZacharopoulou,meps
CiaranCuffe,meps
FranssenCindy,meps
ClaraAguilera7,meps
claraponsati,meps
ClareDalyMEP,meps
gruffat_claude,meps
dieGamon,meps
cmonteiroaguiar,meps
ColmMarkey,meps
ConstanzeKrehl,meps
CorinaCretuEU,meps
ErnstCornelia,meps
MavridesCostas,meps
CristianTerhes,meps
CristianSBusoi,meps
crismaestre,meps
drcsabamolnar,meps
engerer,meps
CiolosDacian,meps
d_boeselager,meps
DamienCAREME,meps
MEPDanielBuda,meps
caspary,meps
daniel_freund,meps
Dani_Rondinelli,meps
DOscarLancini,meps
danutahuebner,meps
DavidCasaMEP,meps
DavidCormand,meps
DavidLega,meps
davidmcallister,meps
deirdreclunemep,meps
delarabur,meps
DemPapadakis,meps
RadtkeMdEP,meps
DianaRibaGiner,meps
papadimoulis,meps
DinoGiarrusso,meps
charanzova,meps
DolorsMM,meps
DomenecD,meps
d_tarczynski,meps
DominiqueBilde,meps
DominiqueRiquet,meps
rookmakerdorien,meps
dragos_pislaru,meps
IoanDragosT,meps
toth_edina,meps
EeroHeinaluoma,meps
EGardiazabal,meps
ElenaKountoura,meps
elenalizzi,meps
ElenaYoncheva,meps
EleonoraEvi,meps
gualminielisa,meps
vozemberg,meps
ElsiKatainen,meps
elukacijewska,meps
E_Rafalska,meps
Emil_Radev,meps
emmawiesner,meps
e_fragkos,meps
emmanuelmaurel,meps
EnginEroglu_FW,meps
GyoriEniko,meps
ericandrieueu,meps
erik_bergkvist,meps
ErikMarquardt,meps
ernesturtasun,meps
gonzalezpons,meps
Esther_de_Lange,meps
estrella_dura,meps
EugenJurzyca,meps
eugen_tomac,meps
MEugeniaRPalop,meps
EvaKaili,meps
EvaMaydell,meps
Evelyn_Regner,meps
egebhardtMdEP,meps
EvinIncir,meps
EvzenTosenovsky,meps
EwaKopacz,meps
fabienne_keller,meps
FMCastaldo,meps
Franc_Bogovic,meps
FranceJamet,meps
FitzgeraldFrncs,meps
ladyonorato,meps
FGuerreiroMEP,meps
PacoMillanMon,meps
francorobertieu,meps
F_Alfonsi,meps
fxbellamy,meps
Frederiqueries,meps
fulviomartuscie,meps
GabrielMatoA,meps
gabischoff,meps
GeertBourgeois,meps
GeoffroyDidier,meps
georgmayermep,meps
GiorgosKyrtsos,meps
gannemans,meps
VladGheorgheNi1,meps
GianantonioDaRe,meps
giannagancia,meps
GilbertCollard,meps
GillesBoyer,meps
Gilles_Lebreton,meps
giulianopisapia,meps
giosiferrandino,meps
giuseppemilaz11,meps
GraceOSllvn,meps
tobiszowski,meps
GuidoReil,meps
gunnar_beck,meps
guyverhofstadt,meps
GDelbosCorfield,meps
HolvenyiGyorgy,meps
HNeumannMEP,meps
HannesHeide,meps
vilimsky,meps
HeidiHautala,meps
HeleneLaporteRN,meps
HelmutScholzMEP,meps
HennaVirkkunen,meps
henrikehahn,meps
HerbertDorfmann,meps
hermanntertsch,meps
HerveJuvin,meps
hildevautmans,meps
hildebentele,meps
Ibangarciadb,meps
IdoiaVR,meps
ignaziocorrao,meps
ilandebasso,meps
ilanacicurelrem,meps
ilhankyuchyuk,meps
IneseVaidere,meps
RodriguezPinero,meps
iwlagos,meps
IratxeGarper,meps
IJoveva,meps
itinagli,meps
ITolleret,meps
IsabelBenjumea,meps
IECarvalhais,meps
isabeldemuel,meps
isabel_mep,meps
iwiseler,meps
Isa_Adinolfi,meps
isatovaglieri,meps
Iskra_Mihaylova,meps
IsmailErtug,meps
istvan_ujhelyi,meps
IuliuWinkler,meps
IvanDav73523299,meps
IvanStefanec,meps
IvanVilibor,meps
ijabs,meps
IvoHristovMEP,meps
IzabelaKloc,meps
IzaskunBilbaoB,meps
JaakMadison,meps
JSaryuszWolski,meps
j_wisniewska,meps
jakopdalunde,meps
jhuitema,meps
JanOlbrycht,meps
ZahradilJan,meps
jcoetjen,meps
JaninaOchojska,meps
J_Lewandowski,meps
JaroslawDuda,meps
javilopezEU,meps
J_MorenoSanchez,meps
FZarzalejos,meps
JFJalkh,meps
jllacapelle,meps
JPGarraud,meps
EuropaJens,meps
JDecerle,meps
jeroen_lenaers,meps
jerome_riviere,meps
JerzyBuzek,meps
jessicapolfjard,meps
JessicaStegrud,meps
Pospisil_Jiri,meps
Joachim_Kuhs,meps
Schuster_MdEP,meps
jbrudzinski,meps
j_kopcinska,meps
JPimentaLopes,meps
JoelleMelinRN,meps
jvanovertveldt,meps
jonasfernandez,meps
J_Bardella,meps
jordi_canyas,meps
jordisolef,meps
Joerg_Meuthen,meps
Jorgebuxade,meps
jorgenwarborn,meps
joseggusmao,meps
JMFernandesEU,meps
MargalloJm,meps
JRBauza,meps
josiannecutajar,meps
JFLopezAguilar,meps
zoidoJI,meps
JLechanteux,meps
juozas_olekas,meps
JuttaPaulusRLP,meps
JytteGuteland,meps
karmel80,meps
KarimaDelli,meps
KarinKarlsbro,meps
KarloRessler,meps
profKarski,meps
kbr_europa,meps
karstenlucke,meps
katka_cseh,meps
katarinabarley,meps
Konecna_K,meps
kvanbrempt,meps
k_langensiepen,meps
kimvsparrentak,meps
Kira_MPH,meps
DobrevKlara,meps
KGroselj,meps
KosmaZlotowski,meps
Hetman_K,meps
ladislav_ilcic,meps
larawoltersEU,meps
LarsPatrickBerg,meps
trocsanyi,meps
LFerraraM5S,meps
LauraHuhtasaari,meps
laurencefarreng,meps
LefChristoforou,meps
leilachaibi,meps
lenaduepontmdep,meps
LeopoldoLopezG,meps
LeszekMiller,meps
lidiafopereira,meps
linagalvezmunoz,meps
linealidell,meps
JarokaLivia,meps
LjudmilaNovak,meps
vinczelorant,meps
loucas_fourlas,meps
LNicholsonova,meps
LuciaVuoloEU,meps
LudekNie,meps
lugaricano,meps
luisaregimenti,meps
lukasmandl,meps
LukaszKohut,meps
lukeming,meps
Adamowicz_Magda,meps
maitepagaza,meps
MalikAzmani,meps
MalinBjork_EU,meps
ManfredWeber,meps
M_Kefalogiannis,meps
ManonAubryFr,meps
Manu_Abu_Carlos,meps
mbompard,meps
MPizarroPorto,meps
RipaManuela,meps
marabizzotto,meps
marcangel_lu,meps
BotengaM,meps
marctarabella,meps
MJRLdeGraaff,meps
PiratKolaja,meps
MCampomenosi,meps
MarcoDreosto,meps
Marcozanni86,meps
MarcoZullo,meps
mrossemp,meps
profMarekBelka,meps
PoselBalt,meps
mmargmarques,meps
MargaPisa,meps
MargreteAuken,meps
Mariearenaps,meps
mgracacarvalho,meps
MariaGrapini,meps
MariaNoichl,meps
sorayarr_,meps
MariaSpyraki,meps
MariaWalshEU,meps
leitaomarquesep,meps
MarianMarinescu,meps
MarianneVind,meps
marietouss1,meps
MariePierreV,meps
MarinaKaljurand,meps
MarioFurore,meps
MarionWalsmann,meps
mmatias_,meps
MarketkaG,meps
BuchheitMarkus,meps
MarkusFerber,meps
markuspieperMEP,meps
BuschmannMartin,meps
MartinHaeusling,meps
mhojsik,meps
schirdewan,meps
MartinSonneborn,meps
Mdlabajova,meps
martina_michels,meps
GyongyosiMarton,meps
MaxSalini,meps
maxsmeriglio,meps
MassimoCasanov3,meps
MAndrouet,meps
adinolfi_matteo,meps
PekkarinenMauri,meps
MaxettePirbakas,meps
KrahMax,meps
MazalyAguilar,meps
miapetrakumpula,meps
micha_bloss,meps
gahler_michael,meps
msojdrova,meps
MSimecka,meps
MichalWiezik,meps
MicheleRivasi,meps
mphoogeveen,meps
wallacemick,meps
MiguelUrban,meps
vonpecka,meps
milan_brglez,meps
MilanUhrik,meps
MilanZver,meps
MiriamMLex,meps
radacovskyMEP,meps
mislavkolakusic,meps
MChahim,meps
MonicaSemedoLux,meps
MonicaSilvanaG,meps
monika_benova,meps
MHohlmeier,meps
MonikaVana,meps
moritzkoerner,meps
Loekkegaard_MEP,meps
mortenhelveg,meps
MounirSatouri,meps
NachoSAmor,meps
nadine__morano,meps
ncolin_oesterle,meps
NathalieLoiseau,meps
nicosemsrott,meps
nicolabeerfdp,meps
DantiNicola,meps
NProcaccini,meps
nicustefanuta,meps
NicolasBay_,meps
nicogoncas,meps
Nicolaus_Fest,meps
NielsFuglsang,meps
nnienass,meps
nvillumsen,meps
androulakisnick,meps
NilsTorvalds,meps
nilsusakovs,meps
NKizilyurek,meps
MebarekNora,meps
linsnorbert,meps
NunoMeloCDS,meps
OChastel,meps
KnotekOndrej,meps
OKovarikMEP,meps
othmar_karas,meps
OezlemADemirel,meps
PaoloBorchia,meps
paolodecastro,meps
ParHolmgren,meps
pascal_arimont,meps
pcanfin,meps
PDurandOfficiel,meps
echo_pbreyer,meps
toiapatrizia,meps
PatrykJaki,meps
paultang,meps
PauloRangel_pt,meps
PedroMarquesMEP,meps
pernandobarrena,meps
WeissPernille,meps
PetarVitanovMEP,meps
peter_jahr,meps
KofodPeter,meps
peterliese,meps
Peter_Pollak,meps
petervdalen,meps
petras_petras,meps
petrisarvamaa,meps
PetrosKokkalis,meps
ph_lamberts,meps
PhOlivierRN,meps
pfmajorino,meps
PediciniM5S,meps
Pierre_Ka,meps
larrouturou,meps
DrPierrette,meps
bartolopietro1,meps
FiocchiPietro,meps
delcastillop,meps
pinapic,meps
fred_matic,meps
rmkanev,meps
radkamaxova,meps
radeksikorski,meps
RaffaeleFitto,meps
r_stancanelli,meps
RamonaStrugariu,meps
rglucks1,meps
RJukneviciene,meps
RasmusAndresen,meps
bueti,meps
RihoTerras,meps
rooken,meps
RobertBiedron,meps
RobertHajsel,meps
Rob_Roos,meps
RobertaMetsola,meps
robertszile,meps
JerkovicRomana,meps
RomanaTomc,meps
RomeoFranz1,meps
rosadamato634,meps
Rosannaconte_,meps
RovanaPlumbMM,meps
rozathun,meps
r_czarnecki,meps
sabineverheyen,meps
SabriPignedoli,meps
salima_yenbou,meps
salv_de_meo,meps
samiraraf,meps
sandor_ronai,meps
Kalniete,meps
sandrogozi,meps
sara_saracerdas,meps
msaraswati,meps
skyttedal,meps
saskiabricmont,meps
SeanKellyMEP,meps
SergeiStanishev,meps
SLagodinsky,meps
SERGIOBERLATO,meps
SMuresan,meps
silviamodig,meps
SardoneSilvia,meps
berlusconi,meps
SR_Baldassarre,meps
simonabonafe,meps
sirarego,meps
spietikainen,meps
SkaKeller,meps
SophieintVeld,meps
SoerenGade,meps
stanislavpolcak,meps
DrStefanBerger,meps
ZambelliLega,meps
SteliosKoul,meps
Kympouropoulos,meps
StephaneBIJOUX,meps
steph_sejourne,meps
s_yoncourtin,meps
SuncanaGlavak,meps
susanasolisp,meps
SusannaCeccardi,meps
svenmikser,meps
svensimon,meps
svenja_hahn,meps
Sylvia_Limmer,meps
syl_brunet,meps
sylvieguillaume,meps
SylwiaSpurek,meps
dajcstomi,meps
tfajon,meps
Tatjana_Zdanoka,meps
TerryReintke,meps
ThierryMARIANI,meps
thijsreuten,meps
thomaswaitz,meps
woelken,meps
MetzTilly,meps
Tineke_Strik,meps
beghin_t,meps
tbwberendsen,meps
TomVandendriese,meps
tomvdkendelaere,meps
tomastobe,meps
TomasZdechovsky,meps
TFrankowski21,meps
TomaszPoreba,meps
TomislavSokol,meps
TPicula,meps
tbasescu,meps
tsvetypenkova,meps
UdoBullmann,meps
UliMuellerMdEP,meps
Urmaspaet,meps
ValentinoGrant,meps
valeriehayer,meps
ValterFlego,meps
v_meimarakis,meps
Vera_Tax,meps
vrecionova,meps
VTrillet_Lenoir,meps
negrescuvictor,meps
ViktorUspaskich,meps
VilleNiinisto,meps
vincesofo,meps
ViolavonCramon,meps
v_joron,meps
VladDanGheorghe,meps
botos_vlad,meps
VladoBilcik,meps
WaszczykowskiW,meps
YanaToom,meps
yjadot,meps
younousomarjee,meps
ZbigniewKuzmiuk,meps
ZdzKrasnodebski,meps
ZovkoEU,meps
vonderleyen,eu_commissioners
TimmermansEU,eu_commissioners
vestager,eu_commissioners
VDombrovskis,eu_commissioners
JosepBorrellF,eu_commissioners
MarosSefcovic,eu_commissioners
VeraJourova,eu_commissioners
dubravkasuica,eu_commissioners
MargSchinas,eu_commissioners
JHahnEU,eu_commissioners
GabrielMariya,eu_commissioners
NicolasSchmitEU,eu_commissioners
PaoloGentiloni,eu_commissioners
jwojc,eu_commissioners
ThierryBreton,eu_commissioners
ElisaFerreiraEC,eu_commissioners
SKyriakidesEU,eu_commissioners
dreynders,eu_commissioners
helenadalli,eu_commissioners
YlvaJohansson,eu_commissioners
JanezLenarcic,eu_commissioners
AdinaValean,eu_commissioners
OliverVarhelyi,eu_commissioners
JuttaUrpilainen,eu_commissioners
KadriSimson,eu_commissioners
VSinkevicius,eu_commissioners
Mairead McGuinness,eu_commissioners
agregoriou,climate_ministers
andrej_vizjak,climate_ministers
ArtursToms,climate_ministers
attila_steiner,climate_ministers
barbarapompili,climate_ministers
cdieschbourg_,climate_ministers
celine_tellier,climate_ministers
Clint_Camilleri,climate_ministers
DanJoergensen,climate_ministers
DilanYesilgoz,climate_ministers
EamonRyan,climate_ministers
amirasgiorgos,climate_ministers
TashevaIvanka,climate_ministers
KostasSkrekas,climate_ministers
MikkonenKrista,climate_ministers
LeaWermelin,climate_ministers
lgewessler,climate_ministers
noonan_malcolm,climate_ministers
bolund,climate_ministers
phh_Henry,climate_ministers
LDO_CTIO,climate_ministers
SGentvilas,climate_ministers
SvenjaSchulze68,climate_ministers
Teresaribera,climate_ministers
vlada_smrz,climate_ministers
karlnehammer,prime_ministers
alexanderdecroo,prime_ministers
KirilPetkov,prime_ministers
AndrejPlenkovic,prime_ministers
AnastasiadesCY,prime_ministers
P_Fiala,prime_ministers
kajakallas,prime_ministers
MarinSanna,prime_ministers
EmmanuelMacron,prime_ministers
OlafScholz,prime_ministers
kmitsotakis,prime_ministers
MichealMartinTD,prime_ministers
GitanasNauseda,prime_ministers
Xavier_Bettel,prime_ministers
RobertAbela_MT,prime_ministers
MinPres,prime_ministers
MorawieckiM,prime_ministers
antoniocostapm,prime_ministers
KlausIohannis,prime_ministers
eduardheger,prime_ministers
JJansaSDS,prime_ministers
sanchezcastejon,prime_ministers
Magdalena Andersson,prime_ministers
EPP,europarties
PES_PSE,europarties
ALDEIndMembers,europarties
ECRparty,europarties
IDParty_,europarties
GreensEFA,europarties
EuropeanPirates,europarties
VoltEuropa,europarties
ECPM_official,europarties
europeanleft,europarties
Left_EU,europarties
AlliancePF,europarties
RenewEurope,europarties
PDE_EDP,europarties
EFAparty,europarties
ElodieFeller1,experts
A_Heath_Elliot,experts
KadriSimson,experts
MWorsdorfer,experts
quakes99,investors
uraniuminsider,investors
EU_Finance,eu departments
EUFORES_EU,eu departments
Elektrarne,industry
ENGIEelectrabel,industry
EssentNieuws,industry
EnelGroup,industry
AnsaldoEnergia,industry
Siemens_Energy,industry
RWE_AG,industry
RWE_Presse,industry
RheinmetallAG,industry
EnBW,industry
PreussenEl,industry
EDFofficiel,industry
GroupeBouygues,industry
Framatome_,industry
tvo_fi,industry
Fennovoima,industry
Fortum,industry
cez_group,industry
urencoglobal,industry
VattenfallGroup,industry
BalticWindEU,industry
FORATOM_nuclear,industry
GretaThunberg,activists
elonmusk,other
BillGates,other
wstrzelecki,industry
W_Nuclear_News,news media
NucNetNews,news media
euronuclear,industry
newnuclearwatch,industry
euunvie,eu departments
6point626,industry
YDesbazeille,industry
energybants,industry
dorfman_p,experts
djysrv,news media
ajjohnson100,industry
karnfull_en,industry
GreenpeaceEU,ngos
UraniumTrends,investors
Nuclear4Climate,industry
kallemets,experts
Atomicrod,industry
NuclearStreet,industry
isfcentre,ngos
nuclearfocus,industry
Gen_Atomic,ngos
ReclaimFinance,ngos
news_rapha,other
derekquick1,investors
EnergyJvd,experts
janhaverkamp,ngos
eaGreenEU,news media
ChristinaMac1,other
Cizelj,experts
kirstygogan,experts
cleanenergywire,news media
FredSimonEU,news media
Energy_Post,news media
euobs,news media
MyrtoTripathi,ngos
ShellenbergerMD,politicians
matteodefelice,experts
peterkinvara,experts
Amb_Klement_EU,politicians
ClimateSt,other
neimagazine,news media
ProspectUpdate,other
debatingeurope,ngos
AFP,news media
ScovillePF,other
lrozen,news media
NTI_WMD, ngos
ksadjadpour,experts
eu_eeas,eu departments
DKinEU,politicians
MFA_Ukraine,politicians
IrishTimesWorld,news media
ReutersWorld,news media
Jerusalem_Post,news media
Rob_Malley,experts
pillsburylaw,industry
Podolyak_M,other
Ostrov_A,other
CEPS_thinktank,ngos
epc_eu,ngos
euronews,news media
euronewsnext,news media
irishexaminer,news media
thejournal_ie,news media
yanisvaroufakis,other
BillHareClimate,ngos
SwedishPM,politicians
OANN,news media
AJEnglish,news media
bpolitics,news media
KCLSecurity,other
ForeignAffairs,news media
medeabenjamin,activists
FES_DC,politicians
PerkovichG,experts